horizon,accuracy
1,0.7611336032388664
6,0.3814664867296446
12,0.38191632928475033
24,0.6077372919478182
